year,race_number,race_name,Race_Date,track,track_type,track_miles,total_laps,caution_flags,caution_laps,lead_changes,avg_speed_mph,pole_speed_mph,margin_of_victory,attendance,Finish_Position,Start_Position,car_number,Driver,Sponsor,Owner,car_make,Laps_Completed,status,Laps_Led,Points,loop_avg_speed,loop_green_flag_passes,loop_quality_passes,loop_fastest_lap,loop_driver_rating,Primary_Sponsor
2025,1,2025 Daytona 500,2025-02-16,Daytona International Speedway,,,,8,47,56,129.159,182.745,.113 sec,,24,8,11,Denny Hamlin,National Debt Relief,Joe Gibbs,Toyota,201,running,6,20,,,,,,FedEx
2025,1,2025 Daytona 500,2025-02-16,Daytona International Speedway,,,,8,47,56,129.159,182.745,.113 sec,,26,34,6,Brad Keselowski,Kroger/Cottonelle,Jack Roush,Ford,200,running,0,20,,,,,,Castrol
2025,1,2025 Daytona 500,2025-02-16,Daytona International Speedway,,,,8,47,56,129.159,182.745,.113 sec,,27,14,34,Todd Gilliland,Love's Travel Stops,Bob Jenkins,Ford,199,running,0,20,,,,,,Love's Travel Stops
2025,1,2025 Daytona 500,2025-02-16,Daytona International Speedway,,,,8,47,56,129.159,182.745,.113 sec,,40,9,1,Ross Chastain,Busch Light,Trackhouse Racing,Chevrolet,70,crash,0,8,,,,,,Busch Light
2025,2,2025 Ambetter Health 400,2025-02-23,Atlanta Motor Speedway,,,,11,63,50,118.384,179.371,under caution,,6,37,11,Denny Hamlin,Yahoo!,Joe Gibbs,Toyota,266,running,0,31,,,,,,FedEx
2025,2,2025 Ambetter Health 400,2025-02-23,Atlanta Motor Speedway,,,,11,63,50,118.384,179.371,under caution,,8,33,1,Ross Chastain,Moose Fraternity,Trackhouse Racing,Chevrolet,266,running,25,29,,,,,,Busch Light
2025,2,2025 Ambetter Health 400,2025-02-23,Atlanta Motor Speedway,,,,11,63,50,118.384,179.371,under caution,,15,5,34,Todd Gilliland,Aaron's Rent to Own,Bob Jenkins,Ford,266,running,7,26,,,,,,Love's Travel Stops
2025,2,2025 Ambetter Health 400,2025-02-23,Atlanta Motor Speedway,,,,11,63,50,118.384,179.371,under caution,,39,9,6,Brad Keselowski,BuildSubmarines.com,Jack Roush,Ford,149,crash,0,1,,,,,,Castrol
2025,3,2025 EchoPark Automotive Grand Prix,2025-03-02,Circuit of the Americas,road course,2.4,95.0,4,15,20,73.025,88.095,.433 sec,,10,10,34,Todd Gilliland,Love's Travel Stops,Bob Jenkins,Ford,95,running,0,27,,,,,,Love's Travel Stops
2025,3,2025 EchoPark Automotive Grand Prix,2025-03-02,Circuit of the Americas,road course,2.4,95.0,4,15,20,73.025,88.095,.433 sec,,12,9,1,Ross Chastain,Busch Light For the Love of Texas,Trackhouse Racing,Chevrolet,95,running,0,25,,,,,,Busch Light
2025,3,2025 EchoPark Automotive Grand Prix,2025-03-02,Circuit of the Americas,road course,2.4,95.0,4,15,20,73.025,88.095,.433 sec,,15,26,6,Brad Keselowski,Castrol,Jack Roush,Ford,95,running,0,22,,,,,,Castrol
2025,3,2025 EchoPark Automotive Grand Prix,2025-03-02,Circuit of the Americas,road course,2.4,95.0,4,15,20,73.025,88.095,.433 sec,,21,11,11,Denny Hamlin,National Debt Relief,Joe Gibbs,Toyota,95,running,0,16,,,,,,FedEx
2025,4,2025 Shriners Childrens 500,2025-03-09,Phoenix Raceway,paved track,1.0,312.0,10,73,17,92.141,133.68,.049 sec,,2,10,11,Denny Hamlin,SportClips Haircuts,Joe Gibbs,Toyota,312,running,3,43,,,,,,FedEx
2025,4,2025 Shriners Childrens 500,2025-03-09,Phoenix Raceway,paved track,1.0,312.0,10,73,17,92.141,133.68,.049 sec,,11,24,1,Ross Chastain,Kubota Orange Days Sales Event,Trackhouse Racing,Chevrolet,312,running,0,26,,,,,,Busch Light
2025,4,2025 Shriners Childrens 500,2025-03-09,Phoenix Raceway,paved track,1.0,312.0,10,73,17,92.141,133.68,.049 sec,,17,27,34,Todd Gilliland,Frontline Enterprises INC.,Bob Jenkins,Ford,312,running,0,20,,,,,,Love's Travel Stops
2025,4,2025 Shriners Childrens 500,2025-03-09,Phoenix Raceway,paved track,1.0,312.0,10,73,17,92.141,133.68,.049 sec,,33,20,6,Brad Keselowski,Consumer Cellular,Jack Roush,Ford,99,crash,0,4,,,,,,Castrol
2025,5,2025 Pennzoil 400,2025-03-16,Las Vegas Motor Speedway,paved track,1.5,267.0,9,53,32,124.368,186.961,1.358 sec,,5,19,1,Ross Chastain,Kubota Orange Days Sales Event,Trackhouse Racing,Chevrolet,267,running,14,40,,,,,,Busch Light
2025,5,2025 Pennzoil 400,2025-03-16,Las Vegas Motor Speedway,paved track,1.5,267.0,9,53,32,124.368,186.961,1.358 sec,,11,27,6,Brad Keselowski,Castrol,Jack Roush,Ford,267,running,0,26,,,,,,Castrol
2025,5,2025 Pennzoil 400,2025-03-16,Las Vegas Motor Speedway,paved track,1.5,267.0,9,53,32,124.368,186.961,1.358 sec,,25,15,11,Denny Hamlin,Yahoo!,Joe Gibbs,Toyota,267,running,0,12,,,,,,FedEx
2025,5,2025 Pennzoil 400,2025-03-16,Las Vegas Motor Speedway,paved track,1.5,267.0,9,53,32,124.368,186.961,1.358 sec,,29,32,34,Todd Gilliland,Love's Travel Stops,Bob Jenkins,Ford,265,running,0,8,,,,,,Love's Travel Stops
2025,6,2025 Straight Talk Wireless 400,2025-03-23,Homestead-Miami Speedway,paved track,1.5,267.0,4,27,27,131.876,168.845,1.205 sec,,5,23,11,Denny Hamlin,Progressive,Joe Gibbs,Toyota,267,running,15,42,,,,,,FedEx
2025,6,2025 Straight Talk Wireless 400,2025-03-23,Homestead-Miami Speedway,paved track,1.5,267.0,4,27,27,131.876,168.845,1.205 sec,,26,32,6,Brad Keselowski,Nexlizet,Jack Roush,Ford,266,running,0,11,,,,,,Castrol
2025,6,2025 Straight Talk Wireless 400,2025-03-23,Homestead-Miami Speedway,paved track,1.5,267.0,4,27,27,131.876,168.845,1.205 sec,,30,29,34,Todd Gilliland,Love's Travel Stops,Bob Jenkins,Ford,266,running,0,7,,,,,,Love's Travel Stops
2025,6,2025 Straight Talk Wireless 400,2025-03-23,Homestead-Miami Speedway,paved track,1.5,267.0,4,27,27,131.876,168.845,1.205 sec,,31,25,1,Ross Chastain,Kubota,Trackhouse Racing,Chevrolet,266,running,0,6,,,,,,Busch Light
2025,7,2025 Cook Out 400,2025-03-30,Martinsville Speedway,paved track,0.526,400.0,10,86,9,68.17,96.034,4.617 sec,,1,5,11,Denny Hamlin,Progressive,Joe Gibbs,Toyota,400,running,274,54,,,,,,FedEx
2025,7,2025 Cook Out 400,2025-03-30,Martinsville Speedway,paved track,0.526,400.0,10,86,9,68.17,96.034,4.617 sec,,6,17,1,Ross Chastain,Choice Privileges,Trackhouse Racing,Chevrolet,400,running,0,35,,,,,,Busch Light
2025,7,2025 Cook Out 400,2025-03-30,Martinsville Speedway,paved track,0.526,400.0,10,86,9,68.17,96.034,4.617 sec,,10,25,34,Todd Gilliland,Colortech,Bob Jenkins,Ford,400,running,0,27,,,,,,Love's Travel Stops
2025,7,2025 Cook Out 400,2025-03-30,Martinsville Speedway,paved track,0.526,400.0,10,86,9,68.17,96.034,4.617 sec,,26,27,6,Brad Keselowski,BuildSubmarines.com,Jack Roush,Ford,399,running,0,18,,,,,,Castrol
2025,8,2025 Goodyear 400,2025-04-06,Darlington Raceway,,,,8,45,4,120.965,170.904,.597 sec,,1,3,11,Denny Hamlin,SportClips Haircuts,Joe Gibbs,Toyota,297,running,10,48,,,,,,FedEx
2025,8,2025 Goodyear 400,2025-04-06,Darlington Raceway,,,,8,45,4,120.965,170.904,.597 sec,,7,25,1,Ross Chastain,Busch Light Fishing,Trackhouse Racing,Chevrolet,297,running,0,30,,,,,,Busch Light
2025,8,2025 Goodyear 400,2025-04-06,Darlington Raceway,,,,8,45,4,120.965,170.904,.597 sec,,14,12,34,Todd Gilliland,Ruedebusch,Bob Jenkins,Ford,297,running,0,23,,,,,,Love's Travel Stops
2025,8,2025 Goodyear 400,2025-04-06,Darlington Raceway,,,,8,45,4,120.965,170.904,.597 sec,,31,37,33,Austin Hill,United Rentals,Richard Childress,Chevrolet,296,running,0,0,,,,,,cheddar's Scratch Kitchen
2025,8,2025 Goodyear 400,2025-04-06,Darlington Raceway,,,,8,45,4,120.965,170.904,.597 sec,,33,20,6,Brad Keselowski,Castrol Seven Critical Areas,Jack Roush,Ford,295,running,0,9,,,,,,Castrol
2025,9,2025 Food City 500,2025-04-13,Bristol Motor Speedway,paved track,0.533,500.0,3,40,4,100.746,128.675,2.250 sec,,2,4,11,Denny Hamlin,Progressive,Joe Gibbs,Toyota,500,running,0,50,,,,,,FedEx
2025,9,2025 Food City 500,2025-04-13,Bristol Motor Speedway,paved track,0.533,500.0,3,40,4,100.746,128.675,2.250 sec,,7,35,1,Ross Chastain,Busch Light Flannel,Trackhouse Racing,Chevrolet,500,running,0,30,,,,,,Busch Light
2025,9,2025 Food City 500,2025-04-13,Bristol Motor Speedway,paved track,0.533,500.0,3,40,4,100.746,128.675,2.250 sec,,16,16,6,Brad Keselowski,Kroger/Oscar Mayer/Rustik Oven,Jack Roush,Ford,498,running,0,21,,,,,,Castrol
2025,9,2025 Food City 500,2025-04-13,Bristol Motor Speedway,paved track,0.533,500.0,3,40,4,100.746,128.675,2.250 sec,,35,30,34,Todd Gilliland,Love's Travel Stops,Bob Jenkins,Ford,493,running,0,2,,,,,,Love's Travel Stops
2025,10,2025 Jack Links 500,2025-04-27,Talladega Superspeedway,paved track,2.66,188.0,4,22,67,157.203,182.174,.022 sec,,16,15,34,Todd Gilliland,Love's Travel Stops,Bob Jenkins,Ford,188,running,0,26,,,,,,Love's Travel Stops
2025,10,2025 Jack Links 500,2025-04-27,Talladega Superspeedway,paved track,2.66,188.0,4,22,67,157.203,182.174,.022 sec,,20,32,1,Ross Chastain,Jockey,Trackhouse Racing,Chevrolet,188,running,11,17,,,,,,Busch Light
2025,10,2025 Jack Links 500,2025-04-27,Talladega Superspeedway,paved track,2.66,188.0,4,22,67,157.203,182.174,.022 sec,,21,13,11,Denny Hamlin,Progressive,Joe Gibbs,Toyota,188,running,7,21,,,,,,FedEx
2025,10,2025 Jack Links 500,2025-04-27,Talladega Superspeedway,paved track,2.66,188.0,4,22,67,157.203,182.174,.022 sec,,36,22,6,Brad Keselowski,BuildSubmarines.com,Jack Roush,Ford,42,crash,0,1,,,,,,Castrol
2025,11,2025 Wurth 400 Presented by LIQUI MOLY,2025-05-04,Texas Motor Speedway,,,,12,73,20,116.885,191.659,.346 sec,,2,31,1,Ross Chastain,Tootsies Orchid Lounge,Trackhouse Racing,Chevrolet,271,running,0,35,,,,,,Busch Light
2025,11,2025 Wurth 400 Presented by LIQUI MOLY,2025-05-04,Texas Motor Speedway,,,,12,73,20,116.885,191.659,.346 sec,,11,32,34,Todd Gilliland,Love's Travel Stops,Bob Jenkins,Ford,271,running,4,26,,,,,,Love's Travel Stops
2025,11,2025 Wurth 400 Presented by LIQUI MOLY,2025-05-04,Texas Motor Speedway,,,,12,73,20,116.885,191.659,.346 sec,,28,30,6,Brad Keselowski,Consumer Cellular,Jack Roush,Ford,246,crash,0,9,,,,,,Castrol
2025,11,2025 Wurth 400 Presented by LIQUI MOLY,2025-05-04,Texas Motor Speedway,,,,12,73,20,116.885,191.659,.346 sec,,38,8,11,Denny Hamlin,Progressive,Joe Gibbs,Toyota,73,engine,1,1,,,,,,FedEx
2025,12,2025 AdventHealth 400,2025-05-11,Kansas Speedway,paved track,1.5,267.0,7,37,15,129.74,183.73,.712 sec,,12,23,34,Todd Gilliland,Love's Travel Stops,Bob Jenkins,Ford,267,running,0,25,,,,,,Love's Travel Stops
2025,12,2025 AdventHealth 400,2025-05-11,Kansas Speedway,paved track,1.5,267.0,7,37,15,129.74,183.73,.712 sec,,18,26,1,Ross Chastain,Busch Light,Trackhouse Racing,Chevrolet,267,running,0,19,,,,,,Busch Light
2025,12,2025 AdventHealth 400,2025-05-11,Kansas Speedway,paved track,1.5,267.0,7,37,15,129.74,183.73,.712 sec,,36,14,11,Denny Hamlin,Progressive,Joe Gibbs,Toyota,196,drivetrain,2,8,,,,,,FedEx
2025,12,2025 AdventHealth 400,2025-05-11,Kansas Speedway,paved track,1.5,267.0,7,37,15,129.74,183.73,.712 sec,,37,36,6,Brad Keselowski,Kroger / Allegra,Jack Roush,Ford,194,crash,0,6,,,,,,Castrol
2025,13,2025 Coca-Cola 600,2025-05-25,Charlotte Motor Speedway,paved track,1.5,400.0,8,52,34,135.781,182.852,.673 sec,,1,40,1,Ross Chastain,Jockey x Folds of Honor,Trackhouse Racing,Chevrolet,400,running,8,50,,,,,,Busch Light
2025,13,2025 Coca-Cola 600,2025-05-25,Charlotte Motor Speedway,paved track,1.5,400.0,8,52,34,135.781,182.852,.673 sec,,5,35,6,Brad Keselowski,BuildSubmarines.com,Jack Roush,Ford,400,running,5,32,,,,,,Castrol
2025,13,2025 Coca-Cola 600,2025-05-25,Charlotte Motor Speedway,paved track,1.5,400.0,8,52,34,135.781,182.852,.673 sec,,16,20,11,Denny Hamlin,National Debt Relief,Joe Gibbs,Toyota,400,running,53,44,,,,,,FedEx
2025,13,2025 Coca-Cola 600,2025-05-25,Charlotte Motor Speedway,paved track,1.5,400.0,8,52,34,135.781,182.852,.673 sec,,18,34,34,Todd Gilliland,OVERPLAY,Bob Jenkins,Ford,399,running,0,19,,,,,,Love's Travel Stops
2025,14,2025 Cracker Barrel 400,2025-06-01,Nashville Superspeedway,paved track,1.333,300.0,7,35,18,129.068,164.395,2.830 sec,,3,2,11,Denny Hamlin,Progressive,Joe Gibbs,Toyota,300,running,79,53,,,,,,FedEx
2025,14,2025 Cracker Barrel 400,2025-06-01,Nashville Superspeedway,paved track,1.333,300.0,7,35,18,129.068,164.395,2.830 sec,,11,5,1,Ross Chastain,Busch Country,Trackhouse Racing,Chevrolet,300,running,0,27,,,,,,Busch Light
2025,14,2025 Cracker Barrel 400,2025-06-01,Nashville Superspeedway,paved track,1.333,300.0,7,35,18,129.068,164.395,2.830 sec,,22,35,34,Todd Gilliland,Love's Travel Stops,Bob Jenkins,Ford,300,running,0,15,,,,,,Love's Travel Stops
2025,14,2025 Cracker Barrel 400,2025-06-01,Nashville Superspeedway,paved track,1.333,300.0,7,35,18,129.068,164.395,2.830 sec,,23,6,6,Brad Keselowski,Solomon Plumbing,Jack Roush,Ford,300,running,3,14,,,,,,Castrol
2025,15,2025 Firekeepers Casino 400,2025-06-08,Michigan International Speedway,paved track,2.0,200.0,7,33,15,142.574,195.514,1.099 sec,,1,3,11,Denny Hamlin,Yahoo!,Joe Gibbs,Toyota,200,running,5,51,,,,,,FedEx
2025,15,2025 Firekeepers Casino 400,2025-06-08,Michigan International Speedway,paved track,2.0,200.0,7,33,15,142.574,195.514,1.099 sec,,6,20,1,Ross Chastain,Busch Light Apple,Trackhouse Racing,Chevrolet,200,running,0,37,,,,,,Busch Light
2025,15,2025 Firekeepers Casino 400,2025-06-08,Michigan International Speedway,paved track,2.0,200.0,7,33,15,142.574,195.514,1.099 sec,,10,27,6,Brad Keselowski,BuildSubmarines.com,Jack Roush,Ford,200,running,0,27,,,,,,Castrol
2025,15,2025 Firekeepers Casino 400,2025-06-08,Michigan International Speedway,paved track,2.0,200.0,7,33,15,142.574,195.514,1.099 sec,,33,33,34,Todd Gilliland,Martin Transportation Systems,Bob Jenkins,Ford,146,crash,0,4,,,,,,Love's Travel Stops
2025,16,2025 Viva Mexico 250,2025-06-15,Autodromo Hermanos Rodriguez,road course,2.42,100.0,6,16,14,74.82,93.904,16.567 sec,,16,3,1,Ross Chastain,Wendy's Frosty Swirls,Trackhouse Racing,Chevrolet,100,running,0,29,,,,,,Busch Light
2025,16,2025 Viva Mexico 250,2025-06-15,Autodromo Hermanos Rodriguez,road course,2.42,100.0,6,16,14,74.82,93.904,16.567 sec,,22,7,34,Todd Gilliland,Long John Silver's,Bob Jenkins,Ford,100,running,0,21,,,,,,Love's Travel Stops
2025,16,2025 Viva Mexico 250,2025-06-15,Autodromo Hermanos Rodriguez,road course,2.42,100.0,6,16,14,74.82,93.904,16.567 sec,,25,30,6,Brad Keselowski,Castrol,Jack Roush,Ford,100,running,0,12,,,,,,Castrol
2025,17,2025 The Great American Getaway 400,2025-06-22,Pocono Raceway,paved track,2.5,160.0,7,31,11,130.199,172.599,.682 sec,,2,1,11,Denny Hamlin,Progressive,Joe Gibbs,Toyota,160,running,32,51,,,,,,FedEx
2025,17,2025 The Great American Getaway 400,2025-06-22,Pocono Raceway,paved track,2.5,160.0,7,31,11,130.199,172.599,.682 sec,,9,14,6,Brad Keselowski,BuildSubmarines.com,Jack Roush,Ford,160,running,27,28,,,,,,Castrol
2025,17,2025 The Great American Getaway 400,2025-06-22,Pocono Raceway,paved track,2.5,160.0,7,31,11,130.199,172.599,.682 sec,,26,21,1,Ross Chastain,Busch Light Apple,Trackhouse Racing,Chevrolet,160,running,0,11,,,,,,Busch Light
2025,17,2025 The Great American Getaway 400,2025-06-22,Pocono Raceway,paved track,2.5,160.0,7,31,11,130.199,172.599,.682 sec,,28,32,34,Todd Gilliland,Grillo's Pickles,Bob Jenkins,Ford,160,running,0,9,,,,,,Love's Travel Stops
2025,18,2025 Quaker State 400 available at Walmart,2025-06-28,EchoPark Speedway,paved track,1.54,260.0,10,68,46,111.792,178.96,.168 sec,,2,6,6,Brad Keselowski,Consumer Cellular,Jack Roush,Ford,260,running,46,45,,,,,,Castrol
2025,18,2025 Quaker State 400 available at Walmart,2025-06-28,EchoPark Speedway,paved track,1.54,260.0,10,68,46,111.792,178.96,.168 sec,,27,17,34,Todd Gilliland,Rinnai Tankless Water Heaters,Bob Jenkins,Ford,237,running,0,10,,,,,,Love's Travel Stops
2025,18,2025 Quaker State 400 available at Walmart,2025-06-28,EchoPark Speedway,paved track,1.54,260.0,10,68,46,111.792,178.96,.168 sec,,31,33,11,Denny Hamlin,King's Hawaiian,Joe Gibbs,Toyota,72,crash,0,6,,,,,,FedEx
2025,18,2025 Quaker State 400 available at Walmart,2025-06-28,EchoPark Speedway,paved track,1.54,260.0,10,68,46,111.792,178.96,.168 sec,,33,34,1,Ross Chastain,Wendy's Fresh Ways to Frosty,Trackhouse Racing,Chevrolet,69,crash,0,4,,,,,,Busch Light
2025,19,2025 Grant Park 165,2025-07-06,Chicago Street Course,street course,2.2,75.0,7,15,6,66.764,88.338,under caution,,4,40,11,Denny Hamlin,Progressive,Joe Gibbs,Toyota,75,running,0,38,,,,,,FedEx
2025,19,2025 Grant Park 165,2025-07-06,Chicago Street Course,street course,2.2,75.0,7,15,6,66.764,88.338,under caution,,9,30,33,Austin Hill,United Rentals,Richard Childress,Chevrolet,75,running,0,0,,,,,,cheddar's Scratch Kitchen
2025,19,2025 Grant Park 165,2025-07-06,Chicago Street Course,street course,2.2,75.0,7,15,6,66.764,88.338,under caution,,10,22,1,Ross Chastain,Busch Light Apple,Trackhouse Racing,Chevrolet,75,running,0,32,,,,,,Busch Light
2025,19,2025 Grant Park 165,2025-07-06,Chicago Street Course,street course,2.2,75.0,7,15,6,66.764,88.338,under caution,,37,15,6,Brad Keselowski,Kroger/Blue Buffalo,Jack Roush,Ford,2,crash,0,1,,,,,,Castrol
2025,19,2025 Grant Park 165,2025-07-06,Chicago Street Course,street course,2.2,75.0,7,15,6,66.764,88.338,under caution,,38,20,34,Todd Gilliland,Grillo's Pickles,Bob Jenkins,Ford,2,crash,0,1,,,,,,Love's Travel Stops
2025,20,2025 Toyota / Save Mart 350,2025-07-13,Sonoma Raceway,road course,1.99,110.0,6,17,12,75.087,96.04,1.128 sec,,11,21,6,Brad Keselowski,Castrol,Jack Roush,Ford,110,running,0,26,,,,,,Castrol
2025,20,2025 Toyota / Save Mart 350,2025-07-13,Sonoma Raceway,road course,1.99,110.0,6,17,12,75.087,96.04,1.128 sec,,20,16,11,Denny Hamlin,ampm,Joe Gibbs,Toyota,110,running,0,17,,,,,,FedEx
2025,20,2025 Toyota / Save Mart 350,2025-07-13,Sonoma Raceway,road course,1.99,110.0,6,17,12,75.087,96.04,1.128 sec,,22,35,34,Todd Gilliland,Love's Travel Stops,Bob Jenkins,Ford,110,running,0,15,,,,,,Love's Travel Stops
2025,20,2025 Toyota / Save Mart 350,2025-07-13,Sonoma Raceway,road course,1.99,110.0,6,17,12,75.087,96.04,1.128 sec,,24,4,1,Ross Chastain,Kubota,Trackhouse Racing,Chevrolet,110,running,4,23,,,,,,Busch Light
2025,21,2025 Autotrader EchoPark Automotive 400,2025-07-20,Dover Motor Speedway,,,,8,50,13,110.849,,.310 sec,,1,13,11,Denny Hamlin,Progressive,Joe Gibbs,Toyota,407,running,67,57,,,,,,FedEx
2025,21,2025 Autotrader EchoPark Automotive 400,2025-07-20,Dover Motor Speedway,,,,8,50,13,110.849,,.310 sec,,10,15,6,Brad Keselowski,BuildSubmarines.com,Jack Roush,Ford,407,running,0,27,,,,,,Castrol
2025,21,2025 Autotrader EchoPark Automotive 400,2025-07-20,Dover Motor Speedway,,,,8,50,13,110.849,,.310 sec,,25,24,34,Todd Gilliland,Love's Travel Stops,Bob Jenkins,Ford,405,running,0,12,,,,,,Love's Travel Stops
2025,21,2025 Autotrader EchoPark Automotive 400,2025-07-20,Dover Motor Speedway,,,,8,50,13,110.849,,.310 sec,,33,19,1,Ross Chastain,Moose Fraternity,Trackhouse Racing,Chevrolet,382,crash,0,4,,,,,,Busch Light
2025,22,2025 Brickyard 400 Presented by PPG,2025-07-27,Indianapolis Motor Speedway,,,,6,28,15,124.598,183.165,.222 sec,,3,39,11,Denny Hamlin,Progressive,Joe Gibbs,Toyota,168,running,1,43,,,,,,FedEx
2025,22,2025 Brickyard 400 Presented by PPG,2025-07-27,Indianapolis Motor Speedway,,,,6,28,15,124.598,183.165,.222 sec,,5,14,6,Brad Keselowski,Body Guard,Jack Roush,Ford,168,running,0,38,,,,,,Castrol
2025,22,2025 Brickyard 400 Presented by PPG,2025-07-27,Indianapolis Motor Speedway,,,,6,28,15,124.598,183.165,.222 sec,,6,19,34,Todd Gilliland,gener8tor,Bob Jenkins,Ford,168,running,0,31,,,,,,Love's Travel Stops
2025,22,2025 Brickyard 400 Presented by PPG,2025-07-27,Indianapolis Motor Speedway,,,,6,28,15,124.598,183.165,.222 sec,,39,33,1,Ross Chastain,Busch Light Lime,Trackhouse Racing,Chevrolet,17,crash,0,1,,,,,,Busch Light
2025,23,2025 Iowa Corn 350,2025-08-03,Iowa Speedway,paved track,0.875,350.0,12,72,10,92.905,136.933,1.192 sec,,3,5,6,Brad Keselowski,Solomon Plumbing,Jack Roush,Ford,350,running,68,55,,,,,,Castrol
2025,23,2025 Iowa Corn 350,2025-08-03,Iowa Speedway,paved track,0.875,350.0,12,72,10,92.905,136.933,1.192 sec,,11,28,1,Ross Chastain,Busch Light Farming,Trackhouse Racing,Chevrolet,350,running,0,26,,,,,,Busch Light
2025,23,2025 Iowa Corn 350,2025-08-03,Iowa Speedway,paved track,0.875,350.0,12,72,10,92.905,136.933,1.192 sec,,24,11,11,Denny Hamlin,Bob's Discount Furniture,Joe Gibbs,Toyota,350,running,0,13,,,,,,FedEx
2025,23,2025 Iowa Corn 350,2025-08-03,Iowa Speedway,paved track,0.875,350.0,12,72,10,92.905,136.933,1.192 sec,,34,34,34,Todd Gilliland,Love's Travel Stops,Bob Jenkins,Ford,347,running,0,3,,,,,,Love's Travel Stops
2025,24,2025 Go Bowling at The Glen,2025-08-10,Watkins Glen International,road course,2.45,90.0,3,8,8,101.263,122.568,11.116 sec,,10,4,1,Ross Chastain,Busch Light,Trackhouse Racing,Chevrolet,90,running,0,27,,,,,,Busch Light
2025,24,2025 Go Bowling at The Glen,2025-08-10,Watkins Glen International,road course,2.45,90.0,3,8,8,101.263,122.568,11.116 sec,,25,22,11,Denny Hamlin,Progressive,Joe Gibbs,Toyota,90,running,0,12,,,,,,FedEx
2025,24,2025 Go Bowling at The Glen,2025-08-10,Watkins Glen International,road course,2.45,90.0,3,8,8,101.263,122.568,11.116 sec,,28,27,34,Todd Gilliland,OVERPLAY,Bob Jenkins,Ford,90,running,0,9,,,,,,Love's Travel Stops
2025,24,2025 Go Bowling at The Glen,2025-08-10,Watkins Glen International,road course,2.45,90.0,3,8,8,101.263,122.568,11.116 sec,,31,16,6,Brad Keselowski,Nexlizet,Jack Roush,Ford,90,running,5,12,,,,,,Castrol
2025,25,2025 Cook Out 400,2025-08-16,Richmond Raceway,paved track,0.75,400.0,5,44,24,94.126,121.381,2.471 sec,,9,6,6,Brad Keselowski,BuildSubmarines.com,Jack Roush,Ford,400,running,2,31,,,,,,Castrol
2025,25,2025 Cook Out 400,2025-08-16,Richmond Raceway,paved track,0.75,400.0,5,44,24,94.126,121.381,2.471 sec,,10,4,11,Denny Hamlin,Progressive,Joe Gibbs,Toyota,400,running,0,35,,,,,,FedEx
2025,25,2025 Cook Out 400,2025-08-16,Richmond Raceway,paved track,0.75,400.0,5,44,24,94.126,121.381,2.471 sec,,19,33,1,Ross Chastain,Jockey Infinite Cool Underwear,Trackhouse Racing,Chevrolet,399,running,0,18,,,,,,Busch Light
2025,25,2025 Cook Out 400,2025-08-16,Richmond Raceway,paved track,0.75,400.0,5,44,24,94.126,121.381,2.471 sec,,25,31,34,Todd Gilliland,Love's Travel Stops,Bob Jenkins,Ford,399,running,0,12,,,,,,Love's Travel Stops
2025,26,2025 Coke Zero Sugar 400,2025-08-23,Daytona International Speedway,paved track,2.5,160.0,8,39,44,130.909,,.031 sec,,11,28,34,Todd Gilliland,Grillo's Pickles,Bob Jenkins,Ford,160,running,0,30,,,,,,Love's Travel Stops
2025,26,2025 Coke Zero Sugar 400,2025-08-23,Daytona International Speedway,paved track,2.5,160.0,8,39,44,130.909,,.031 sec,,15,19,1,Ross Chastain,Safety Culture,Trackhouse Racing,Chevrolet,160,running,7,41,,,,,,Busch Light
2025,26,2025 Coke Zero Sugar 400,2025-08-23,Daytona International Speedway,paved track,2.5,160.0,8,39,44,130.909,,.031 sec,,18,10,6,Brad Keselowski,Consumer Cellular,Jack Roush,Ford,160,running,0,19,,,,,,Castrol
2025,26,2025 Coke Zero Sugar 400,2025-08-23,Daytona International Speedway,paved track,2.5,160.0,8,39,44,130.909,,.031 sec,,25,6,11,Denny Hamlin,King's Hawaiian,Joe Gibbs,Toyota,160,running,0,12,,,,,,FedEx
2025,26,2025 Coke Zero Sugar 400,2025-08-23,Daytona International Speedway,paved track,2.5,160.0,8,39,44,130.909,,.031 sec,,30,36,33,Austin Hill,United Rentals,Richard Childress,Chevrolet,155,running,0,0,,,,,,cheddar's Scratch Kitchen
2025,27,2025 Southern 500,2025-08-31,Darlington Raceway,paved track,1.366,367.0,7,37,24,130.148,171.381,.408 sec,,7,1,11,Denny Hamlin,SportClips Haircuts,Joe Gibbs,Toyota,367,running,12,38,,,,,,FedEx
2025,27,2025 Southern 500,2025-08-31,Darlington Raceway,paved track,1.366,367.0,7,37,24,130.148,171.381,.408 sec,,11,6,1,Ross Chastain,Busch Light Retro,Trackhouse Racing,Chevrolet,367,running,3,38,,,,,,Busch Light
2025,27,2025 Southern 500,2025-08-31,Darlington Raceway,paved track,1.366,367.0,7,37,24,130.148,171.381,.408 sec,,15,32,6,Brad Keselowski,BuildSubmarines.com,Jack Roush,Ford,367,running,0,22,,,,,,Castrol
2025,27,2025 Southern 500,2025-08-31,Darlington Raceway,paved track,1.366,367.0,7,37,24,130.148,171.381,.408 sec,,26,28,34,Todd Gilliland,Grillo's Pickles,Bob Jenkins,Ford,366,running,0,11,,,,,,Love's Travel Stops
2025,28,2025 Enjoy Illinois 300,2025-09-07,World Wide Technology Raceway at Gateway,paved track,1.25,240.0,10,52,15,98.262,139.19,1.620 sec,,1,1,11,Denny Hamlin,Progressive,Joe Gibbs,Toyota,240,running,75,53,,,,,,FedEx
2025,28,2025 Enjoy Illinois 300,2025-09-07,World Wide Technology Raceway at Gateway,paved track,1.25,240.0,10,52,15,98.262,139.19,1.620 sec,,17,23,6,Brad Keselowski,Consumer Cellular,Jack Roush,Ford,240,running,13,29,,,,,,Castrol
2025,28,2025 Enjoy Illinois 300,2025-09-07,World Wide Technology Raceway at Gateway,paved track,1.25,240.0,10,52,15,98.262,139.19,1.620 sec,,24,4,1,Ross Chastain,Busch Light,Trackhouse Racing,Chevrolet,240,running,0,17,,,,,,Busch Light
2025,28,2025 Enjoy Illinois 300,2025-09-07,World Wide Technology Raceway at Gateway,paved track,1.25,240.0,10,52,15,98.262,139.19,1.620 sec,,32,30,34,Todd Gilliland,Morton Buildings,Bob Jenkins,Ford,239,running,0,5,,,,,,Love's Travel Stops
2025,29,2025 Bass Pro Shops Night Race,2025-09-13,Bristol Motor Speedway,paved track,0.533,500.0,14,137,36,69.686,126.93,.343 sec,,2,18,6,Brad Keselowski,Castrol / TravelCenters of America,Jack Roush,Ford,500,running,33,45,,,,,,Castrol
2025,29,2025 Bass Pro Shops Night Race,2025-09-13,Bristol Motor Speedway,paved track,0.533,500.0,14,137,36,69.686,126.93,.343 sec,,19,13,1,Ross Chastain,Moose Fraternity,Trackhouse Racing,Chevrolet,499,running,0,18,,,,,,Busch Light
2025,29,2025 Bass Pro Shops Night Race,2025-09-13,Bristol Motor Speedway,paved track,0.533,500.0,14,137,36,69.686,126.93,.343 sec,,24,36,34,Todd Gilliland,Love's Travel Stops,Bob Jenkins,Ford,498,running,0,13,,,,,,Love's Travel Stops
2025,29,2025 Bass Pro Shops Night Race,2025-09-13,Bristol Motor Speedway,paved track,0.533,500.0,14,137,36,69.686,126.93,.343 sec,,25,33,33,Austin Hill,United Rentals,Richard Childress,Chevrolet,497,running,0,0,,,,,,cheddar's Scratch Kitchen
2025,29,2025 Bass Pro Shops Night Race,2025-09-13,Bristol Motor Speedway,paved track,0.533,500.0,14,137,36,69.686,126.93,.343 sec,,31,6,11,Denny Hamlin,King's Hawaiian,Joe Gibbs,Toyota,495,running,3,7,,,,,,FedEx
2025,30,2025 Mobil 1 301,2025-09-21,New Hampshire Motor Speedway,paved track,1.058,301.0,8,45,14,101.699,130.622,.937 sec,,9,8,1,Ross Chastain,Kubota,Trackhouse Racing,Chevrolet,301,running,0,28,,,,,,Busch Light
2025,30,2025 Mobil 1 301,2025-09-21,New Hampshire Motor Speedway,paved track,1.058,301.0,8,45,14,101.699,130.622,.937 sec,,12,9,11,Denny Hamlin,Progressive,Joe Gibbs,Toyota,301,running,0,28,,,,,,FedEx
2025,30,2025 Mobil 1 301,2025-09-21,New Hampshire Motor Speedway,paved track,1.058,301.0,8,45,14,101.699,130.622,.937 sec,,19,36,34,Todd Gilliland,Grillo's Pickles,Bob Jenkins,Ford,301,running,0,18,,,,,,Love's Travel Stops
2025,30,2025 Mobil 1 301,2025-09-21,New Hampshire Motor Speedway,paved track,1.058,301.0,8,45,14,101.699,130.622,.937 sec,,23,17,6,Brad Keselowski,BuildSubmarines.com,Jack Roush,Ford,301,running,0,14,,,,,,Castrol
2025,31,2025 Hollywood Casino 400,2025-09-28,Kansas Speedway,,,,9,48,20,123.106,180.078,.069 sec,,2,2,11,Denny Hamlin,SportClips Haircuts,Joe Gibbs,Toyota,273,running,159,56,,,,,,FedEx
2025,31,2025 Hollywood Casino 400,2025-09-28,Kansas Speedway,,,,9,48,20,123.106,180.078,.069 sec,,8,31,6,Brad Keselowski,Solomon Plumbing,Jack Roush,Ford,273,running,5,29,,,,,,Castrol
2025,31,2025 Hollywood Casino 400,2025-09-28,Kansas Speedway,,,,9,48,20,123.106,180.078,.069 sec,,11,9,1,Ross Chastain,Kubota,Trackhouse Racing,Chevrolet,273,running,0,35,,,,,,Busch Light
2025,31,2025 Hollywood Casino 400,2025-09-28,Kansas Speedway,,,,9,48,20,123.106,180.078,.069 sec,,12,23,34,Todd Gilliland,Dean's Dip,Bob Jenkins,Ford,273,running,0,25,,,,,,Love's Travel Stops
2025,32,2025 Bank of America ROVAL 400,2025-10-05,Charlotte Motor Speedway Road Course,road course,2.32,109.0,3,10,15,81.105,95.51,15.160 sec,,17,31,34,Todd Gilliland,Love's Travel Stops,Bob Jenkins,Ford,109,running,0,20,,,,,,Love's Travel Stops
2025,32,2025 Bank of America ROVAL 400,2025-10-05,Charlotte Motor Speedway Road Course,road course,2.32,109.0,3,10,15,81.105,95.51,15.160 sec,,21,10,1,Ross Chastain,Busch Light,Trackhouse Racing,Chevrolet,109,running,0,29,,,,,,Busch Light
2025,32,2025 Bank of America ROVAL 400,2025-10-05,Charlotte Motor Speedway Road Course,road course,2.32,109.0,3,10,15,81.105,95.51,15.160 sec,,23,14,11,Denny Hamlin,Progressive,Joe Gibbs,Toyota,109,running,0,14,,,,,,FedEx
2025,32,2025 Bank of America ROVAL 400,2025-10-05,Charlotte Motor Speedway Road Course,road course,2.32,109.0,3,10,15,81.105,95.51,15.160 sec,,35,22,6,Brad Keselowski,Castrol,Jack Roush,Ford,89,drivetrain,0,2,,,,,,Castrol
2025,33,2025 South Point 400,2025-10-12,Las Vegas Motor Speedway,paved track,1.5,267.0,5,32,21,137.131,184.849,1.533 sec,,1,1,11,Denny Hamlin,ampm,Joe Gibbs,Toyota,267,running,9,54,,,,,,FedEx
2025,33,2025 South Point 400,2025-10-12,Las Vegas Motor Speedway,paved track,1.5,267.0,5,32,21,137.131,184.849,1.533 sec,,10,34,6,Brad Keselowski,Nexlizet,Jack Roush,Ford,267,running,2,27,,,,,,Castrol
2025,33,2025 South Point 400,2025-10-12,Las Vegas Motor Speedway,paved track,1.5,267.0,5,32,21,137.131,184.849,1.533 sec,,21,30,34,Todd Gilliland,Love's Travel Stops,Bob Jenkins,Ford,267,running,1,16,,,,,,Love's Travel Stops
2025,33,2025 South Point 400,2025-10-12,Las Vegas Motor Speedway,paved track,1.5,267.0,5,32,21,137.131,184.849,1.533 sec,,23,15,1,Ross Chastain,Tootsies Orchid Lounge,Trackhouse Racing,Chevrolet,267,running,0,14,,,,,,Busch Light
2025,34,2025 Yellawood 500,2025-10-19,Talladega Superspeedway,,,,6,28,77,149.178,182.466,.145 sec,,2,27,34,Todd Gilliland,Love's Travel Stops,Bob Jenkins,Ford,193,running,11,39,,,,,,Love's Travel Stops
2025,34,2025 Yellawood 500,2025-10-19,Talladega Superspeedway,,,,6,28,77,149.178,182.466,.145 sec,,10,20,6,Brad Keselowski,BuildSubmarines.com,Jack Roush,Ford,193,running,7,27,,,,,,Castrol
2025,34,2025 Yellawood 500,2025-10-19,Talladega Superspeedway,,,,6,28,77,149.178,182.466,.145 sec,,13,24,1,Ross Chastain,Busch Light Hunting,Trackhouse Racing,Chevrolet,193,running,3,24,,,,,,Busch Light
2025,34,2025 Yellawood 500,2025-10-19,Talladega Superspeedway,,,,6,28,77,149.178,182.466,.145 sec,,22,33,33,Austin Hill,United Rentals,Richard Childress,Chevrolet,193,running,0,0,,,,,,cheddar's Scratch Kitchen
2025,34,2025 Yellawood 500,2025-10-19,Talladega Superspeedway,,,,6,28,77,149.178,182.466,.145 sec,,24,17,11,Denny Hamlin,National Debt Relief,Joe Gibbs,Toyota,193,running,3,13,,,,,,FedEx
2025,35,2025 Xfinity 500,2025-10-26,Martinsville Speedway,paved track,0.526,500.0,10,78,7,73.744,98.185,.717 sec,,4,13,1,Ross Chastain,Moose Fraternity,Trackhouse Racing,Chevrolet,500,running,8,33,,,,,,Busch Light
2025,35,2025 Xfinity 500,2025-10-26,Martinsville Speedway,paved track,0.526,500.0,10,78,7,73.744,98.185,.717 sec,,9,16,34,Todd Gilliland,Grillo's Pickles,Bob Jenkins,Ford,500,running,0,36,,,,,,Love's Travel Stops
2025,35,2025 Xfinity 500,2025-10-26,Martinsville Speedway,paved track,0.526,500.0,10,78,7,73.744,98.185,.717 sec,,20,19,6,Brad Keselowski,BuildSubmarines.com,Jack Roush,Ford,499,running,0,17,,,,,,Castrol
2025,35,2025 Xfinity 500,2025-10-26,Martinsville Speedway,paved track,0.526,500.0,10,78,7,73.744,98.185,.717 sec,,35,5,11,Denny Hamlin,King's Hawaiian,Joe Gibbs,Toyota,334,engine,0,7,,,,,,FedEx
2025,36,2025 Cup Series Championship,2025-11-02,Phoenix Raceway,,,,9,65,16,97.711,133.759,.097 sec,,2,19,6,Brad Keselowski,Castrol,Jack Roush,Ford,319,running,6,35,,,,,,Castrol
2025,36,2025 Cup Series Championship,2025-11-02,Phoenix Raceway,,,,9,65,16,97.711,133.759,.097 sec,,6,1,11,Denny Hamlin,Progressive,Joe Gibbs,Toyota,319,running,208,31,,,,,,FedEx
2025,36,2025 Cup Series Championship,2025-11-02,Phoenix Raceway,,,,9,65,16,97.711,133.759,.097 sec,,13,13,1,Ross Chastain,Busch Light,Trackhouse Racing,Chevrolet,319,running,0,29,,,,,,Busch Light
2025,36,2025 Cup Series Championship,2025-11-02,Phoenix Raceway,,,,9,65,16,97.711,133.759,.097 sec,,22,30,34,Todd Gilliland,Love's Travel Stops,Bob Jenkins,Ford,319,running,0,15,,,,,,Love's Travel Stops
2026,1,2026 Daytona 500,2026-02-15,Daytona International Speedway,paved track,2.5,200.0,5,32,65,147.107,183.651,.308 sec,,5,9,6,Brad Keselowski,Castrol,Jack Roush,Ford,200,running,0,39,,,,,,Castrol
2026,1,2026 Daytona 500,2026-02-15,Daytona International Speedway,paved track,2.5,200.0,5,32,65,147.107,183.651,.308 sec,,20,37,1,Ross Chastain,Busch Light,Trackhouse Racing,Chevrolet,200,running,12,17,,,,,,Busch Light
2026,1,2026 Daytona 500,2026-02-15,Daytona International Speedway,paved track,2.5,200.0,5,32,65,147.107,183.651,.308 sec,,31,22,11,Denny Hamlin,National Debt Relief,Joe Gibbs,Toyota,198,running,3,8,,,,,,FedEx
2026,1,2026 Daytona 500,2026-02-15,Daytona International Speedway,paved track,2.5,200.0,5,32,65,147.107,183.651,.308 sec,,39,18,34,Todd Gilliland,Love's Travel Stops,Bob Jenkins,Ford,123,crash,1,4,,,,,,Love's Travel Stops
2026,2,2026 Autotrader 400 at EchoPark Speedway,2026-02-22,EchoPark Speedway,,,,10,67,57,117.865,,.164 sec,,3,21,1,Ross Chastain,Wendy's,Trackhouse Racing,Chevrolet,271,running,0,34,,,,,,Busch Light
2026,2,2026 Autotrader 400 at EchoPark Speedway,2026-02-22,EchoPark Speedway,,,,10,67,57,117.865,,.164 sec,,13,29,11,Denny Hamlin,National Debt Relief,Joe Gibbs,Toyota,271,running,10,24,,,,,,FedEx
2026,2,2026 Autotrader 400 at EchoPark Speedway,2026-02-22,EchoPark Speedway,,,,10,67,57,117.865,,.164 sec,,17,5,6,Brad Keselowski,BuildSubmarines.com,Jack Roush,Ford,271,running,10,22,,,,,,Castrol
2026,2,2026 Autotrader 400 at EchoPark Speedway,2026-02-22,EchoPark Speedway,,,,10,67,57,117.865,,.164 sec,,25,35,34,Todd Gilliland,Love's Travel Stops,Bob Jenkins,Ford,258,crash,0,12,,,,,,Love's Travel Stops
2026,3,2026 DuraMax Texas Grand Prix Presented by RelaDyne,2026-03-01,Circuit of the Americas,road course,3.41,95.0,3,10,14,76.474,88.38,3.944 sec,,10,19,11,Denny Hamlin,National Debt Relief,Joe Gibbs,Toyota,95,running,0,28,,,,,,FedEx
2026,3,2026 DuraMax Texas Grand Prix Presented by RelaDyne,2026-03-01,Circuit of the Americas,road course,3.41,95.0,3,10,14,76.474,88.38,3.944 sec,,20,26,6,Brad Keselowski,Graza,Jack Roush,Ford,95,running,0,17,,,,,,Castrol
2026,3,2026 DuraMax Texas Grand Prix Presented by RelaDyne,2026-03-01,Circuit of the Americas,road course,3.41,95.0,3,10,14,76.474,88.38,3.944 sec,,21,17,34,Todd Gilliland,Love's Travel Stops,Bob Jenkins,Ford,95,running,0,23,,,,,,Love's Travel Stops
2026,3,2026 DuraMax Texas Grand Prix Presented by RelaDyne,2026-03-01,Circuit of the Americas,road course,3.41,95.0,3,10,14,76.474,88.38,3.944 sec,,35,2,1,Ross Chastain,Busch Light,Trackhouse Racing,Chevrolet,93,running,4,13,,,,,,Busch Light
2026,4,2026 Straight Talk Wireless 500,2026-03-08,Phoenix Raceway,paved track,1.0,312.0,12,86,23,88.219,135.537,.399 sec,,5,11,11,Denny Hamlin,Bob's Discount Furniture,Joe Gibbs,Toyota,312,running,5,47,,,,,,FedEx
2026,4,2026 Straight Talk Wireless 500,2026-03-08,Phoenix Raceway,paved track,1.0,312.0,12,86,23,88.219,135.537,.399 sec,,12,30,34,Todd Gilliland,Long John Silver's,Bob Jenkins,Ford,312,running,0,26,,,,,,Love's Travel Stops
2026,4,2026 Straight Talk Wireless 500,2026-03-08,Phoenix Raceway,paved track,1.0,312.0,12,86,23,88.219,135.537,.399 sec,,15,37,6,Brad Keselowski,Consumer Cellular,Jack Roush,Ford,312,running,0,22,,,,,,Castrol
2026,4,2026 Straight Talk Wireless 500,2026-03-08,Phoenix Raceway,paved track,1.0,312.0,12,86,23,88.219,135.537,.399 sec,,21,27,33,Austin Hill,United Rentals,Richard Childress,Chevrolet,312,running,0,0,,,,,,cheddar's Scratch Kitchen
2026,4,2026 Straight Talk Wireless 500,2026-03-08,Phoenix Raceway,paved track,1.0,312.0,12,86,23,88.219,135.537,.399 sec,,28,6,1,Ross Chastain,Kubota,Trackhouse Racing,Chevrolet,286,running,0,10,,,,,,Busch Light
2026,5,2026 Pennzoil 400 Presented by Jiffy Lube,2026-03-15,Las Vegas Motor Speedway,paved track,1.5,267.0,3,20,21,148.992,187.156,.502 sec,,1,2,11,Denny Hamlin,Yahoo!,Joe Gibbs,Toyota,267,running,134,70,,,,,,FedEx
2026,5,2026 Pennzoil 400 Presented by Jiffy Lube,2026-03-15,Las Vegas Motor Speedway,paved track,1.5,267.0,3,20,21,148.992,187.156,.502 sec,,10,28,6,Brad Keselowski,Trimble,Jack Roush,Ford,267,running,4,27,,,,,,Castrol
2026,5,2026 Pennzoil 400 Presented by Jiffy Lube,2026-03-15,Las Vegas Motor Speedway,paved track,1.5,267.0,3,20,21,148.992,187.156,.502 sec,,17,17,1,Ross Chastain,Kubota,Trackhouse Racing,Chevrolet,267,running,0,20,,,,,,Busch Light
2026,5,2026 Pennzoil 400 Presented by Jiffy Lube,2026-03-15,Las Vegas Motor Speedway,paved track,1.5,267.0,3,20,21,148.992,187.156,.502 sec,,34,27,34,Todd Gilliland,Love's Travel Stops,Bob Jenkins,Ford,264,running,0,3,,,,,,Love's Travel Stops
2026,6,2026 Goodyear 400,2026-03-22,Darlington Raceway,paved track,1.366,293.0,4,26,16,129.854,169.152,5.847 sec,,2,5,6,Brad Keselowski,Solomon Plumbing,Jack Roush,Ford,293,running,142,55,,,,,,Castrol
2026,6,2026 Goodyear 400,2026-03-22,Darlington Raceway,paved track,1.366,293.0,4,26,16,129.854,169.152,5.847 sec,,11,9,11,Denny Hamlin,SportClips Haircuts,Joe Gibbs,Toyota,293,running,0,26,,,,,,FedEx
2026,6,2026 Goodyear 400,2026-03-22,Darlington Raceway,paved track,1.366,293.0,4,26,16,129.854,169.152,5.847 sec,,16,25,1,Ross Chastain,Moose Fraternity,Trackhouse Racing,Chevrolet,293,running,0,21,,,,,,Busch Light
2026,6,2026 Goodyear 400,2026-03-22,Darlington Raceway,paved track,1.366,293.0,4,26,16,129.854,169.152,5.847 sec,,23,31,34,Todd Gilliland,Ruedebusch,Bob Jenkins,Ford,292,running,0,14,,,,,,Love's Travel Stops
2026,7,2026 Cook Out 400,2026-03-29,Martinsville Speedway,paved track,0.526,400.0,5,54,8,75.457,98.241,.565 sec,,2,1,11,Denny Hamlin,Bob's Discount Furniture,Joe Gibbs,Toyota,400,running,292,56,,,,,,FedEx
2026,7,2026 Cook Out 400,2026-03-29,Martinsville Speedway,paved track,0.526,400.0,5,54,8,75.457,98.241,.565 sec,,13,23,6,Brad Keselowski,BuildSubmarines.com,Jack Roush,Ford,400,running,0,24,,,,,,Castrol
2026,7,2026 Cook Out 400,2026-03-29,Martinsville Speedway,paved track,0.526,400.0,5,54,8,75.457,98.241,.565 sec,,16,18,1,Ross Chastain,Safety Culture,Trackhouse Racing,Chevrolet,400,running,14,21,,,,,,Busch Light
2026,7,2026 Cook Out 400,2026-03-29,Martinsville Speedway,paved track,0.526,400.0,5,54,8,75.457,98.241,.565 sec,,23,29,34,Todd Gilliland,"Dairi-O / Cheney Bros, Inc.",Bob Jenkins,Ford,398,running,0,14,,,,,,Love's Travel Stops
2026,7,2026 Cook Out 400,2026-03-29,Martinsville Speedway,paved track,0.526,400.0,5,54,8,75.457,98.241,.565 sec,,33,37,33,Austin Hill,United Rentals,Richard Childress,Chevrolet,394,running,0,0,,,,,,cheddar's Scratch Kitchen
2026,8,2026 Food City 500,2026-04-12,Bristol Motor Speedway,,,,9,72,12,88.817,127.064,.055 sec,,6,35,34,Todd Gilliland,Love's Travel Stops,Bob Jenkins,Ford,505,running,0,31,,,,,,Love's Travel Stops
2026,8,2026 Food City 500,2026-04-12,Bristol Motor Speedway,,,,9,72,12,88.817,127.064,.055 sec,,9,11,11,Denny Hamlin,National Debt Relief,Joe Gibbs,Toyota,505,running,0,41,,,,,,FedEx
2026,8,2026 Food City 500,2026-04-12,Bristol Motor Speedway,,,,9,72,12,88.817,127.064,.055 sec,,14,21,6,Brad Keselowski,Consumer Cellular,Jack Roush,Ford,505,running,0,23,,,,,,Castrol
2026,8,2026 Food City 500,2026-04-12,Bristol Motor Speedway,,,,9,72,12,88.817,127.064,.055 sec,,20,6,1,Ross Chastain,Busch Light Fishing,Trackhouse Racing,Chevrolet,504,running,0,17,,,,,,Busch Light
2026,9,2026 AdventHealth 400,2026-04-19,Kansas Speedway,,,,3,20,17,146.22,185.3,.118 sec,,4,2,11,Denny Hamlin,National Debt Relief,Joe Gibbs,Toyota,274,running,131,52,,,,,,FedEx
2026,9,2026 AdventHealth 400,2026-04-19,Kansas Speedway,,,,3,20,17,146.22,185.3,.118 sec,,6,21,6,Brad Keselowski,Trimble,Jack Roush,Ford,274,running,0,35,,,,,,Castrol
2026,9,2026 AdventHealth 400,2026-04-19,Kansas Speedway,,,,3,20,17,146.22,185.3,.118 sec,,17,26,34,Todd Gilliland,Love's Travel Stops,Bob Jenkins,Ford,274,running,0,20,,,,,,Love's Travel Stops
2026,9,2026 AdventHealth 400,2026-04-19,Kansas Speedway,,,,3,20,17,146.22,185.3,.118 sec,,26,31,1,Ross Chastain,Busch Light Apple,Trackhouse Racing,Chevrolet,272,running,0,11,,,,,,Busch Light
2026,10,2026 Jack Link's 500,2026-04-26,Talladega Superspeedway,paved track,2.66,188.0,6,30,52,147.504,,.114 sec,,7,24,1,Ross Chastain,Jockey VentraCool Air,Trackhouse Racing,Chevrolet,188,running,22,41,,,,,,Busch Light
2026,10,2026 Jack Link's 500,2026-04-26,Talladega Superspeedway,paved track,2.66,188.0,6,30,52,147.504,,.114 sec,,11,19,34,Todd Gilliland,Love's Travel Stops / Fleetguard,Bob Jenkins,Ford,188,running,0,34,,,,,,Love's Travel Stops
2026,10,2026 Jack Link's 500,2026-04-26,Talladega Superspeedway,paved track,2.66,188.0,6,30,52,147.504,,.114 sec,,15,3,11,Denny Hamlin,King's Hawaiian UBE Coconut Rolls,Joe Gibbs,Toyota,188,running,28,22,,,,,,FedEx
2026,10,2026 Jack Link's 500,2026-04-26,Talladega Superspeedway,paved track,2.66,188.0,6,30,52,147.504,,.114 sec,,31,6,6,Brad Keselowski,Castrol,Jack Roush,Ford,166,running,0,15,,,,,,Castrol
2026,11,2026 Wurth 400 Presented by LIQUI MOLY,2026-05-03,Texas Motor Speedway,paved track,1.5,267.0,7,40,23,136.315,191.34,.407 sec,,2,4,11,Denny Hamlin,Progressive Insurance,Joe Gibbs,Toyota,267,running,21,43,,,,,,FedEx
2026,11,2026 Wurth 400 Presented by LIQUI MOLY,2026-05-03,Texas Motor Speedway,paved track,1.5,267.0,7,40,23,136.315,191.34,.407 sec,,13,25,6,Brad Keselowski,Body Guard by Fastenal,Jack Roush,Ford,267,running,4,32,,,,,,Castrol
2026,11,2026 Wurth 400 Presented by LIQUI MOLY,2026-05-03,Texas Motor Speedway,paved track,1.5,267.0,7,40,23,136.315,191.34,.407 sec,,26,16,1,Ross Chastain,Kubota,Trackhouse Racing,Chevrolet,266,running,0,11,,,,,,Busch Light
2026,11,2026 Wurth 400 Presented by LIQUI MOLY,2026-05-03,Texas Motor Speedway,paved track,1.5,267.0,7,40,23,136.315,191.34,.407 sec,,32,32,34,Todd Gilliland,Love's Travel Stops,Bob Jenkins,Ford,254,running,0,5,,,,,,Love's Travel Stops
2026,12,2026 Go Bowling at The Glen,2026-05-10,Watkins Glen International,road course,2.45,100.0,4,12,6,98.536,123.937,7.288 sec,,16,20,11,Denny Hamlin,Progressive Insurance,Joe Gibbs,Toyota,100,running,0,21,,,,,,FedEx
2026,12,2026 Go Bowling at The Glen,2026-05-10,Watkins Glen International,road course,2.45,100.0,4,12,6,98.536,123.937,7.288 sec,,17,22,34,Todd Gilliland,FARM RICH,Bob Jenkins,Ford,100,running,0,20,,,,,,Love's Travel Stops
2026,12,2026 Go Bowling at The Glen,2026-05-10,Watkins Glen International,road course,2.45,100.0,4,12,6,98.536,123.937,7.288 sec,,27,4,1,Ross Chastain,Busch Light Apple,Trackhouse Racing,Chevrolet,100,running,4,20,,,,,,Busch Light
2026,12,2026 Go Bowling at The Glen,2026-05-10,Watkins Glen International,road course,2.45,100.0,4,12,6,98.536,123.937,7.288 sec,,30,26,6,Brad Keselowski,Modelo,Jack Roush,Ford,100,running,0,7,,,,,,Castrol
2026,13,2026 Coca-Cola 600,2026-05-24,Charlotte Motor Speedway,,,,12,75,32,119.921,,under,,3,11,11,Denny Hamlin,National Debt Relief,Joe Gibbs,Toyota,373,running,75,60,,,,,,FedEx
2026,13,2026 Coca-Cola 600,2026-05-24,Charlotte Motor Speedway,,,,12,75,32,119.921,,under,,15,26,6,Brad Keselowski,BuildSubmarines.com,Jack Roush,Ford,373,running,0,25,,,,,,Castrol
2026,13,2026 Coca-Cola 600,2026-05-24,Charlotte Motor Speedway,,,,12,75,32,119.921,,under,,20,20,34,Todd Gilliland,Grillo's Pickles,Bob Jenkins,Ford,373,running,0,17,,,,,,Love's Travel Stops
2026,13,2026 Coca-Cola 600,2026-05-24,Charlotte Motor Speedway,,,,12,75,32,119.921,,under,,27,13,33,Austin Hill,Richard Childress,Richard Childress,Chevrolet,372,running,0,0,,,,,,cheddar's Scratch Kitchen
2026,13,2026 Coca-Cola 600,2026-05-24,Charlotte Motor Speedway,,,,12,75,32,119.921,,under,,35,27,1,Ross Chastain,Jockey x Folds of Honor,Trackhouse Racing,Chevrolet,317,crash,3,2,,,,,,Busch Light
2026,14,2026 Cracker Barrel 400,2026-05-31,Nashville Superspeedway,paved track,1.333,300.0,11,77,31,106.424,,.115 sec,,1,1,11,Denny Hamlin,Progressive Insurance,Joe Gibbs,Toyota,300,running,57,62,,,,,,FedEx
2026,14,2026 Cracker Barrel 400,2026-05-31,Nashville Superspeedway,paved track,1.333,300.0,11,77,31,106.424,,.115 sec,,20,21,34,Todd Gilliland,Love's Travel Stops / Fleetguard Ford Mustang,Bob Jenkins,Ford,299,running,0,17,,,,,,Love's Travel Stops
2026,14,2026 Cracker Barrel 400,2026-05-31,Nashville Superspeedway,paved track,1.333,300.0,11,77,31,106.424,,.115 sec,,27,25,33,Austin Hill,BetMGM,Richard Childress,Chevrolet,293,running,0,0,,,,,,cheddar's Scratch Kitchen
2026,14,2026 Cracker Barrel 400,2026-05-31,Nashville Superspeedway,paved track,1.333,300.0,11,77,31,106.424,,.115 sec,,34,12,6,Brad Keselowski,Trimble,Jack Roush,Ford,192,crash,0,4,,,,,,Castrol
2026,14,2026 Cracker Barrel 400,2026-05-31,Nashville Superspeedway,paved track,1.333,300.0,11,77,31,106.424,,.115 sec,,37,35,1,Ross Chastain,Busch Light Country,Trackhouse Racing,Chevrolet,81,crash,0,1,,,,,,Busch Light
2026,15,2026 Firekeepers Casino 400,2026-06-07,Michigan International Speedway,paved track,2.0,200.0,11,54,23,123.935,195.117,11.110 sec,,1,1,11,Denny Hamlin,National Debt Relief,Joe Gibbs,Toyota,200,running,40,58,,,,,,FedEx
2026,15,2026 Firekeepers Casino 400,2026-06-07,Michigan International Speedway,paved track,2.0,200.0,11,54,23,123.935,195.117,11.110 sec,,16,32,1,Ross Chastain,Busch Light,Trackhouse Racing,Chevrolet,200,running,1,21,,,,,,Busch Light
2026,15,2026 Firekeepers Casino 400,2026-06-07,Michigan International Speedway,paved track,2.0,200.0,11,54,23,123.935,195.117,11.110 sec,,20,28,33,Austin Hill,Rebel Bourbon,Richard Childress,Chevrolet,200,running,0,0,,,,,,cheddar's Scratch Kitchen
2026,15,2026 Firekeepers Casino 400,2026-06-07,Michigan International Speedway,paved track,2.0,200.0,11,54,23,123.935,195.117,11.110 sec,,22,35,34,Todd Gilliland,Love's Travel Stops,Bob Jenkins,Ford,199,running,0,15,,,,,,Love's Travel Stops
2026,15,2026 Firekeepers Casino 400,2026-06-07,Michigan International Speedway,paved track,2.0,200.0,11,54,23,123.935,195.117,11.110 sec,,34,26,6,Brad Keselowski,Solomon Plumbing,Jack Roush,Ford,89,crash,0,3,,,,,,Castrol
2026,16,2026 Great American Getaway 400,2026-06-14,Pocono Raceway,paved track,2.5,160.0,5,23,17,135.9,173.25,1.678 sec,,1,1,11,Denny Hamlin,King's Hawaiian Shake 'Em Bites,Joe Gibbs,Toyota,160,running,28,67,,,,,,FedEx
2026,16,2026 Great American Getaway 400,2026-06-14,Pocono Raceway,paved track,2.5,160.0,5,23,17,135.9,173.25,1.678 sec,,8,24,1,Ross Chastain,Busch Light Lime,Trackhouse Racing,Chevrolet,160,running,0,34,,,,,,Busch Light
2026,16,2026 Great American Getaway 400,2026-06-14,Pocono Raceway,paved track,2.5,160.0,5,23,17,135.9,173.25,1.678 sec,,18,14,33,Austin Hill,zone Jalapeño Lime,Richard Childress,Chevrolet,160,running,0,0,,,,,,cheddar's Scratch Kitchen
2026,16,2026 Great American Getaway 400,2026-06-14,Pocono Raceway,paved track,2.5,160.0,5,23,17,135.9,173.25,1.678 sec,,19,29,34,Todd Gilliland,Love's Travel Stops,Bob Jenkins,Ford,160,running,6,28,,,,,,Love's Travel Stops
2026,16,2026 Great American Getaway 400,2026-06-14,Pocono Raceway,paved track,2.5,160.0,5,23,17,135.9,173.25,1.678 sec,,38,37,6,Brad Keselowski,Castrol,Jack Roush,Ford,46,crash,0,1,,,,,,Castrol
2026,17,2026 Anduril 250,2026-06-21,Naval Base Coronado,street course,3.4,75.0,7,11,20,70.561,90.809,10.365 sec,,7,23,1,Ross Chastain,Kubota Veterans Honor,Trackhouse Racing,Chevrolet,75,running,0,33,,,,,,Busch Light
2026,17,2026 Anduril 250,2026-06-21,Naval Base Coronado,street course,3.4,75.0,7,11,20,70.561,90.809,10.365 sec,,14,26,11,Denny Hamlin,Bob's Discount Furniture,Joe Gibbs,Toyota,75,running,0,23,,,,,,FedEx
2026,17,2026 Anduril 250,2026-06-21,Naval Base Coronado,street course,3.4,75.0,7,11,20,70.561,90.809,10.365 sec,,21,5,34,Todd Gilliland,Grillo's Pickles,Bob Jenkins,Ford,75,running,0,23,,,,,,Love's Travel Stops
2026,17,2026 Anduril 250,2026-06-21,Naval Base Coronado,street course,3.4,75.0,7,11,20,70.561,90.809,10.365 sec,,34,29,6,Brad Keselowski,BuildSubmarines.com,Jack Roush,Ford,59,running,0,3,,,,,,Castrol
2026,17,2026 Anduril 250,2026-06-21,Naval Base Coronado,street course,3.4,75.0,7,11,20,70.561,90.809,10.365 sec,,36,10,33,Austin Hill,Cheddar's Scratch Kitchen,Richard Childress,Chevrolet,31,crash,1,0,,,,,,cheddar's Scratch Kitchen
